{
  "track": "expanded_v05_learned",
  "n_enzymes": 1157,
  "sources": {
    "mcsa": 959,
    "uniprot": 198
  },
  "structure_sources": {
    "experimental": 1107,
    "alphafold": 50
  },
  "ec_class_counts": {
    "3": 400,
    "2": 246,
    "1": 217,
    "4": 144,
    "5": 84,
    "6": 39,
    "7": 15,
    "unknown": 12
  },
  "fold_cluster": {
    "catalyst_microenvironment": 0.3839479392624729,
    "composition_only": 0.2928416485900217,
    "sequence_similarity_transfer": 0.21691973969631237,
    "sequence_cluster_transfer": 0.004338394793926247,
    "fold_cluster_transfer": 0.0,
    "sequence_cluster_prior": 0.3383947939262473,
    "fold_cluster_prior": 0.3362255965292842,
    "esm2_transfer": 0.45770065075921906,
    "esm_gnn_fusion": 0.49023861171366595
  },
  "convergent_n": 29,
  "convergent": {
    "catalyst_microenvironment": 0.3448275862068966,
    "esm_gnn_fusion": 0.8275862068965517,
    "esm2_transfer": 0.4482758620689655,
    "fold_cluster_transfer": 0.0,
    "sequence_similarity_transfer": 0.2413793103448276
  },
  "annotation_style_audits_random": {
    "same_residues_different_chemistry": {
      "n": 143,
      "methods": {
        "catalyst_microenvironment": 0.3776223776223776,
        "esm_gnn_fusion": 0.7902097902097902,
        "esm2_transfer": 0.5244755244755245,
        "fold_cluster_transfer": 0.34965034965034963,
        "sequence_similarity_transfer": 0.23776223776223776
      }
    },
    "same_cofactor_different_chemistry": {
      "n": 67,
      "methods": {
        "catalyst_microenvironment": 0.5373134328358209,
        "esm_gnn_fusion": 0.7164179104477612,
        "esm2_transfer": 0.5373134328358209,
        "fold_cluster_transfer": 0.3582089552238806,
        "sequence_similarity_transfer": 0.23880597014925373
      }
    },
    "shuffled_first_shell": {
      "n": 232,
      "methods": {
        "catalyst_microenvironment_shuffled_shell": 0.4224137931034483
      }
    },
    "decoy_reaction_centers": {
      "n": 232,
      "methods": {
        "catalyst_microenvironment_decoy": 0.4224137931034483
      }
    }
  },
  "annotation_style_audits_fold_cluster": {
    "same_residues_different_chemistry": {
      "n": 348,
      "methods": {
        "catalyst_microenvironment": 0.33620689655172414,
        "esm_gnn_fusion": 0.4454022988505747,
        "esm2_transfer": 0.40229885057471265,
        "fold_cluster_transfer": 0.0,
        "sequence_similarity_transfer": 0.1896551724137931
      }
    },
    "same_cofactor_different_chemistry": {
      "n": 136,
      "methods": {
        "catalyst_microenvironment": 0.4411764705882353,
        "esm_gnn_fusion": 0.36764705882352944,
        "esm2_transfer": 0.39705882352941174,
        "fold_cluster_transfer": 0.0,
        "sequence_similarity_transfer": 0.19117647058823528
      }
    },
    "shuffled_first_shell": {
      "n": 461,
      "methods": {
        "catalyst_microenvironment_shuffled_shell": 0.3882863340563991
      }
    },
    "decoy_reaction_centers": {
      "n": 461,
      "methods": {
        "catalyst_microenvironment_decoy": 0.3752711496746204
      }
    }
  },
  "mcsa_only_reference": {
    "n": 959,
    "fold_cluster_catalyst": 0.369,
    "fold_cluster_esm2": 0.375,
    "fold_cluster_esm_gnn": 0.445,
    "convergent_n": 26
  },
  "notes": [
    "v0.5: ESM + ESM+GNN retrained on expanded atlas n=1157.",
    "Lead metric fold_cluster. Convergent n=29; ESM+GNN convergent is high \u2014 treat as secondary audit.",
    "Annotation controls: ESM+GNN still high on same-residue/diff-chem \u2014 possible residual annotation-style signal; shuffled/decoy remain the hard negatives for engineered features."
  ]
}