{
  "protocol": "Parallel ESM+GNN trains per seed; fold_cluster-only eval after.",
  "seeds": [
    7,
    11,
    13
  ],
  "epochs": 200,
  "parallel": true,
  "per_seed": [
    {
      "seed": 7,
      "esm2_transfer": 0.45770065075921906,
      "esm_gnn_fusion": 0.48590021691973967,
      "catalyst_microenvironment": 0.3839479392624729
    },
    {
      "seed": 11,
      "esm2_transfer": 0.3418803418803419,
      "esm_gnn_fusion": 0.4017094017094017,
      "catalyst_microenvironment": 0.4188034188034188
    },
    {
      "seed": 13,
      "esm2_transfer": 0.39823008849557523,
      "esm_gnn_fusion": 0.37168141592920356,
      "catalyst_microenvironment": 0.39823008849557523
    }
  ],
  "fold_cluster": {
    "esm2_transfer": {
      "mean": 0.3992703603783787,
      "std": 0.057917161631007456,
      "n": 3
    },
    "esm_gnn_fusion": {
      "mean": 0.419763678186115,
      "std": 0.05921107412682297,
      "n": 3
    },
    "catalyst_microenvironment": {
      "mean": 0.4003271488538223,
      "std": 0.017522110606799726,
      "n": 3
    }
  }
}